{"providers":[
		{
			"type": "bitmap",
			"file": "minecraft:prefix/administrateur.png",
			"height": 9,
			"ascent": 9,
			"chars": [
				"阿"
			]
		},
		{
			"type": "bitmap",
			"file": "minecraft:prefix/vip.png",
			"height": 9,
			"ascent": 9,
			"chars": [
				"维"
			]
		},
		{
			"type": "bitmap",
			"file": "minecraft:prefix/vipplus.png",
			"height": 9,
			"ascent": 9,
			"chars": [
				"佩"
			]
		},
		{
			"type": "bitmap",
			"file": "minecraft:prefix/admin.png",
			"height": 9,
			"ascent": 9,
			"chars": [
				"哦"
			]
		},
		{
			"type": "bitmap",
			"file": "minecraft:prefix/event.png",
			"height": 9,
			"ascent": 9,
			"chars": [
				"饿"
			]
		},
		{
			"type": "bitmap",
			"file": "minecraft:prefix/discord.png",
			"height": 9,
			"ascent": 9,
			"chars": [
				"德"
			]
		},
		{
			"type": "bitmap",
			"file": "minecraft:prefix/dev.png",
			"height": 9,
			"ascent": 9,
			"chars": [
				"玉"
			]
		},
		{
			"type": "bitmap",
			"file": "minecraft:prefix/developer.png",
			"height": 9,
			"ascent": 9,
			"chars": [
				"特"
			]
		},
		{
			"type": "bitmap",
			"file": "minecraft:prefix/modo.png",
			"height": 9,
			"ascent": 9,
			"chars": [
				"卡"
			]
		},
		{
			"type": "bitmap",
			"file": "minecraft:prefix/moderateur.png",
			"height": 9,
			"ascent": 9,
			"chars": [
				"苦"
			]
		},
		{
			"type": "bitmap",
			"file": "minecraft:prefix/resp.png",
			"height": 9,
			"ascent": 9,
			"chars": [
				"衣"
			]
		},
		{
			"type": "bitmap",
			"file": "minecraft:prefix/responsable.png",
			"height": 9,
			"ascent": 9,
			"chars": [
				"岁"
			]
		},
		{
			"type": "bitmap",
			"file": "minecraft:prefix/youtube.png",
			"height": 9,
			"ascent": 9,
			"chars": [
				"日"
			]
		},
		{
			"type": "bitmap",
			"file": "minecraft:prefix/patreon2.png",
			"height": 9,
			"ascent": 9,
			"chars": [
				"厅"
			]
		},
		{
			"type": "bitmap",
			"file": "minecraft:item/lunexium.png",
			"height": 16,
			"ascent": 16,
			"chars": [
				"障"
			]
		}

]
}
